﻿name,id,latitude,longitude,elevation,temp,rain
"ABERDEEN, WA US",GHCND:USC00450008,46.9658,-123.8291,3,513,1917
"ABERDEEN 20 NNE, WA US",GHCND:USC00450013,47.2613,-123.7147,132.6,493,1941
"ANACORTES, WA US",GHCND:USC00450176,48.5119,-122.6136,6.1,520,1476
"BARING, WA US",GHCND:USC00450456,47.7722,-121.4819,234.7,499,1863
"BATTLE GROUND, WA US",GHCND:USC00450482,45.7716,-122.5286,86.6,514,1787
"BELLINGHAM 3 SSW, WA US",GHCND:USC00450587,48.7177,-122.5113,4.6,517,1605
"BICKLETON, WA US",GHCND:USC00450668,45.9981,-120.3006,919,464,811
"BLAINE, WA US",GHCND:USC00450729,48.9775,-122.7927,18.3,512,1545
"BOUNDARY DAM, WA US",GHCND:USC00450844,48.99444,-117.35407,559.9,458,1417
"BREMERTON, WA US",GHCND:USC00450872,47.5688,-122.6827,33.5,520,1653
"BUCKLEY 1 NE, WA US",GHCND:USC00450945,47.1694,-122.0036,208.8,522,1741
"CEDAR LAKE, WA US",GHCND:USC00451233,47.4144,-121.7561,475.5,467,1903
"CENTRALIA, WA US",GHCND:USC00451276,46.72,-122.9527,56.4,529,1748
"CHELAN, WA US",GHCND:USC00451350,47.83426,-120.00021,363.9,508,715
"CHEWELAH, WA US",GHCND:USC00451395,48.27323,-117.74101,501.1,458,1048
"CHIEF JOSEPH DAM, WA US",GHCND:USC00451400,47.9967,-119.6482,254.2,510,747
"CLEARBROOK, WA US",GHCND:USC00451484,48.9672,-122.3291,19.5,507,1666
"CLEARWATER, WA US",GHCND:USC00451496,47.5711,-124.2922,24.4,500,1977
"COLFAX, WA US",GHCND:USC00451586,46.88333,-117.35,603.5,486,1161
"COLVILLE, WA US",GHCND:USC00451630,48.56784,-117.93545,473.7,492,1096
"CONCRETE PPL FISH STATION, WA US",GHCND:USC00451679,48.5397,-121.7422,59.4,506,1834
"CONNELL 1 W, WA US",GHCND:USC00451690,46.66444,-118.88278,310.9,513,767
"COUGAR 6 E, WA US",GHCND:USC00451760,46.0625,-122.2044,200.9,525,1772
"COULEE DAM 1 SW, WA US",GHCND:USC00451767,47.9545,-118.9997,524,497,1026
"COUPEVILLE 1 S, WA US",GHCND:USC00451783,48.2072,-122.6913,15.2,514,1303
"CUSHMAN POWERHOUSE NUMBER 2, WA US",GHCND:USC00451939,47.3705,-123.16,6.4,509,1648
"DAVENPORT, WA US",GHCND:USC00452007,47.66371,-118.16133,739.1,453,721
"DAYTON 1 WSW, WA US",GHCND:USC00452030,46.3152,-118.0022,474.6,509,1205
"DIABLO DAM, WA US",GHCND:USC00452157,48.7141,-121.143,271.6,490,1721
"ELLENSBURG, WA US",GHCND:USC00452505,46.9692,-120.54,451.1,479,780
"ELMA, WA US",GHCND:USC00452531,47.0091,-123.4008,21.3,525,1865
"ELTOPIA 8 WSW, WA US",GHCND:USC00452542,46.3992,-119.1561,213.4,514,863
"ELWHA R S, WA US",GHCND:USC00452548,48.0163,-123.5905,109.7,489,1522
"ENTIAT FISH HATCHERY, WA US",GHCND:USC00452563,47.69831,-120.3229,313,491,786
"EVERETT, WA US",GHCND:USC00452675,47.9752,-122.195,18.3,518,1663
"FORKS 1 E, WA US",GHCND:USC00452914,47.9558,-124.3539,106.7,502,2095
"GLENOMA, WA US",GHCND:USC00453177,46.51861,-122.13833,256,494,1803
"GLENWOOD NUMBER 2, WA US",GHCND:USC00453184,46.0089,-121.2634,579.7,459,924
"GOLDENDALE, WA US",GHCND:USC00453222,45.8081,-120.8428,499.9,483,1012
"GOLDENDALE, WA US",GHCND:USC00453226,45.81667,-120.81667,518.2,481,778
"GRAPEVIEW 3 SW, WA US",GHCND:USC00453284,47.306667,-122.873611,15.5,520,1496
"GRAYLAND, WA US",GHCND:USC00453320,46.8008,-124.0863,3,507,1984
"GRAYS RIVER HATCHERY, WA US",GHCND:USC00453333,46.3872,-123.5602,30.5,511,1861
"HARRINGTON, WA US",GHCND:USC00453515,47.4829,-118.2519,658.1,461,841
"HATTON 9 SE, WA US",GHCND:USC00453546,46.7225,-118.6524,458.7,516,832
"HOLDEN VILLAGE, WA US",GHCND:USC00453730,48.1989,-120.7735,980.8,411,1320
"HUMPTULIPS SALMON HATCHERY, WA US",GHCND:USC00453826,47.2336,-123.9897,42.7,489,1776
"ICE HARBOR DAM, WA US",GHCND:USC00453883,46.2447,-118.8786,112.2,538,972
"KENNEWICK, WA US",GHCND:USC00454154,46.2111,-119.1011,118.9,547,745
"KENT, WA US",GHCND:USC00454169,47.4172,-122.2433,9.1,532,1518
"LACROSSE, WA US",GHCND:USC00454338,46.8167,-117.883,449.9,501,1125
"LANDSBURG, WA US",GHCND:USC00454486,47.3766,-121.9613,163.1,499,1807
"LEAVENWORTH 3 S, WA US",GHCND:USC00454572,47.55862,-120.67493,343.8,482,974
"LIND 3 NE, WA US",GHCND:USC00454679,47.00216,-118.5657,496.8,499,804
"LONG BEACH EXPERIMENT STATION, WA US",GHCND:USC00454748,46.3675,-124.0377,7.6,501,2127
"LONGMIRE RAINIER NPS, WA US",GHCND:USC00454764,46.7491,-121.8119,841.9,438,1871
"LONGVIEW, WA US",GHCND:USC00454769,46.1505,-122.9163,3.7,527,1858
"MAZAMA, WA US",GHCND:USC00455133,48.6007,-120.4276,652.6,447,1138
"MCMILLIN RESERVOIR, WA US",GHCND:USC00455224,47.1358,-122.2558,176.5,506,1645
"MCNARY DAM, WA US",GHCND:USC00455231,45.94056,-119.29778,110,539,827
"METHOW 2 S, WA US",GHCND:USC00455326,48.1074,-120.0078,345.9,490,579
"MONROE, WA US",GHCND:USC00455525,47.8452,-121.9944,36.6,516,1805
"MOUNT VERNON 3 WNW, WA US",GHCND:USC00455678,48.44028,-122.38667,4.3,513,1552
"MOXEE CITY 10 E, WA US",GHCND:USC00455688,46.5053,-120.1677,472.4,497,584
"MUD MOUNTAIN DAM, WA US",GHCND:USC00455704,47.1413,-121.9355,398.7,494,1836
"NEWHALEM, WA US",GHCND:USC00455840,48.6758,-121.2419,160,497,1753
"NEWPORT, WA US",GHCND:USC00455844,48.18433,-117.04768,659,449,1044
"NORTHPORT, WA US",GHCND:USC00455946,48.89937,-117.82899,456.3,500,1029
"OAKVILLE, WA US",GHCND:USC00456011,46.83333,-123.23333,24.4,515,1401
"ODESSA, WA US",GHCND:USC00456039,47.33294,-118.69613,470.3,499,819
"OLGA 2 SE, WA US",GHCND:USC00456096,48.6116,-122.8063,24.4,504,1192
"OTHELLO 6 ESE, WA US",GHCND:USC00456215,46.78861,-119.04611,362.7,497,492
"PACKWOOD, WA US",GHCND:USC00456262,46.6091,-121.6744,323.1,506,1663
"PALMER 3 ESE, WA US",GHCND:USC00456295,47.3058,-121.8513,280.4,499,1955
"PLAIN, WA US",GHCND:USC00456534,47.7849,-120.6455,590.1,457,1158
"POMEROY, WA US",GHCND:USC00456610,46.4672,-117.5883,589.5,489,1056
"PORT ANGELES, WA US",GHCND:USC00456624,48.1138,-123.4316,27.4,499,1441
"PORT TOWNSEND, WA US",GHCND:USC00456678,48.1161,-122.7586,30.5,518,1405
"PRIEST RAPIDS DAM, WA US",GHCND:USC00456747,46.646,-119.9061,130.5,555,653
"PROSSER, WA US",GHCND:USC00456768,46.2014,-119.758,253,537,631
"PULLMAN 2 NW, WA US",GHCND:USC00456789,46.76016,-117.1861,766.6,477,1143
"PUYALLUP 2 W EXPERIMENTAL STATION, WA US",GHCND:USC00456803,47.2,-122.33333,15.2,525,1548
"QUINCY, WA US",GHCND:USC00456880,47.22353,-119.8524,392,506,529
"RAINIER PARADISE RANGER STATION, WA US",GHCND:USC00456898,46.7858,-121.7425,1654.1,386,1887
"RAYMOND 2 S, WA US",GHCND:USC00456914,46.6533,-123.73,9.1,494,2005
"REPUBLIC, WA US",GHCND:USC00456974,48.64623,-118.73681,778.8,439,928
"RICHLAND, WA US",GHCND:USC00457015,46.3119,-119.2633,113.7,532,797
"RITZVILLE 1 SSE, WA US",GHCND:USC00457059,47.1175,-118.37146,568.1,484,892
"ROSALIA, WA US",GHCND:USC00457180,47.23446,-117.36364,737.6,472,1060
"ROSS DAM, WA US",GHCND:USC00457185,48.7272,-121.0722,376.7,490,1621
"ST. JOHN, WA US",GHCND:USC00457267,47.0933,-117.5878,595,492,1055
"SEDRO WOOLLEY, WA US",GHCND:USC00457507,48.4958,-122.2355,18.3,515,1817
"SELAH 2 NE, WA US",GHCND:USC00457522,46.6722,-120.4994,341.4,497,820
"SEQUIM 2 E, WA US",GHCND:USC00457544,48.085,-123.0638,15.2,488,1342
"SHELTON, WA US",GHCND:USC00457584,47.2,-123.1,6.7,510,1752
"SKAMANIA FISH HATCHERY, WA US",GHCND:USC00457696,45.622,-122.2178,132.6,495,1783
"SMYRNA, WA US",GHCND:USC00457727,46.8367,-119.6633,170.7,528,513
"SNOQUALMIE FALLS, WA US",GHCND:USC00457773,47.5413,-121.8361,134.1,514,1862
"SPOKANE WEATHER FORECAST OFFICE, WA US",GHCND:USC00457941,47.6812,-117.6267,729.1,461,1164
"STARTUP 1 E, WA US",GHCND:USC00458034,47.8663,-121.7175,51.8,515,1841
"STEHEKIN 4 NW, WA US",GHCND:USC00458059,48.3509,-120.7264,383.1,485,1073
"SUNNYSIDE, WA US",GHCND:USC00458207,46.3236,-120.0103,227.7,531,602
"TACOMA NUMBER 1, WA US",GHCND:USC00458278,47.2472,-122.4122,7.6,535,1494
"UPPER BAKER DAM, WA US",GHCND:USC00458715,48.6524,-121.693,210.3,479,1866
"VANCOUVER 4 NNE, WA US",GHCND:USC00458773,45.6778,-122.651,64,521,1682
"WAPATO, WA US",GHCND:USC00458959,46.4353,-120.4203,256.3,523,656
"WATERVILLE, WA US",GHCND:USC00459012,47.6497,-120.0801,812,458,638
"WENATCHEE, WA US",GHCND:USC00459074,47.429,-120.31,190.8,524,646
"WENATCHEE EXPERIMENTAL STATION, WA US",GHCND:USC00459079,47.43333,-120.35,243.8,508,795
"WHITMAN MISSION, WA US",GHCND:USC00459200,46.0436,-118.4628,192.6,516,1062
"WILBUR, WA US",GHCND:USC00459238,47.768,-118.7239,689.5,461,725
"WINTHROP 1 WSW, WA US",GHCND:USC00459376,48.4743,-120.1887,533.1,460,938
"EPHRATA AIRPORT, WA US",GHCND:USW00024141,47.3078,-119.5154,381.6,507,685
"SPOKANE INTERNATIONAL AIRPORT, WA US",GHCND:USW00024157,47.6216,-117.528,717.2,482,1122
"WALLA WALLA REGIONAL AIRPORT, WA US",GHCND:USW00024160,46.09472,-118.28694,355.4,536,1091
"BELLINGHAM INTERNATIONAL AIRPORT, WA US",GHCND:USW00024217,48.79389,-122.53722,45.4,499,1634
"DALLESPORT AIRPORT, WA US",GHCND:USW00024219,45.6194,-121.1661,71.6,542,984
"OLYMPIA AIRPORT, WA US",GHCND:USW00024227,46.9733,-122.9033,57.3,505,1628
"SEATTLE TACOMA AIRPORT, WA US",GHCND:USW00024233,47.4444,-122.3138,112.8,526,1520
"STAMPEDE PASS, WA US",GHCND:USW00024237,47.2767,-121.3372,1206.7,416,1875
"YAKIMA AIRPORT, WA US",GHCND:USW00024243,46.5683,-120.5428,324.3,497,718
"WHIDBEY ISLAND NAS, WA US",GHCND:USW00024255,48.35,-122.66667,14.3,498,1447
"SEATTLE PORTAGE BAY, WA US",GHCND:USW00024281,47.65,-122.3,5.8,535,1493
"HOQUIAM BOWERMAN AIRPORT, WA US",GHCND:USW00094225,46.9727,-123.9302,3.7,508,1894
"SHELTON AIRPORT, WA US",GHCND:USW00094227,47.238,-123.1408,82.6,504,1664
"WENATCHEE PANGBORN MEMORIAL AIRPORT, WA US",GHCND:USW00094239,47.3977,-120.2013,374.6,513,679
"QUILLAYUTE AIRPORT, WA US",GHCND:USW00094240,47.9375,-124.555,56.4,493,2063
"SEATTLE SAND POINT WEATHER FORECAST OFFICE, WA US",GHCND:USW00094290,47.6872,-122.2553,18.3,529,1569
